,客户ID,上一次消费,订单量,消费额,客户类型
0,1000,443,16,265452.5,高价值客户
1,1001,428,9,118074.05,普通客户
2,1002,459,9,154342.8,普通客户
3,1003,509,5,51320.0,流失客户
4,1004,526,9,86808.75,流失客户
5,1005,521,7,48430.0,流失客户
6,1006,463,11,96239.1,潜力客户
7,1007,427,13,143635.9,高价值客户
8,1008,430,6,63559.45,普通客户
9,1009,442,13,178224.7,高价值客户
10,1010,550,6,68601.3,流失客户
11,1011,428,18,192627.65,高价值客户
12,1012,441,14,155035.94999999998,高价值客户
13,1013,430,10,80354.0,普通客户
14,1014,464,9,81268.84999999999,普通客户
15,1015,446,8,101432.6,普通客户
16,1016,515,13,216415.95,普通客户
17,1017,425,7,95217.0,普通客户
18,1018,428,15,148250.6,高价值客户
19,1019,426,10,128042.20000000001,普通客户
20,1020,462,11,164219.25,高价值客户
21,1021,456,15,148835.7,高价值客户
22,1022,625,8,91946.5,流失客户
23,1023,459,2,11957.0,普通客户
24,1024,424,16,140642.5,高价值客户
25,1025,497,8,103498.8,流失客户
26,1026,445,8,119102.84999999999,普通客户
27,1027,473,9,161553.6,流失客户
28,1028,483,11,69420.85,普通客户
29,1029,507,7,72559.8,流失客户
30,1030,489,6,105471.70000000001,流失客户
31,1031,442,6,41381.95,普通客户
32,1032,487,6,75527.9,流失客户
33,1033,512,4,43386.0,流失客户
34,1034,461,11,89965.8,潜力客户
35,1035,504,6,90688.85,流失客户
36,1036,476,6,93814.7,流失客户
37,1037,547,6,60487.899999999994,流失客户
38,1038,425,19,155673.65,高价值客户
39,1039,548,10,98288.7,流失客户
40,1040,440,12,249628.75,高价值客户
41,1041,422,9,47762.2,普通客户
42,1042,443,12,211989.25,高价值客户
43,1043,445,10,113849.0,普通客户
44,1044,445,7,116616.2,普通客户
45,1045,436,7,84349.0,普通客户
46,1046,519,12,82070.75,普通客户
47,1047,469,8,95443.7,流失客户
48,1048,436,11,83970.4,潜力客户
49,1049,458,9,86790.05,普通客户
50,1050,426,8,72375.55,普通客户
51,1051,451,4,83836.65000000001,普通客户
52,1052,484,11,126422.25,普通客户
53,1053,447,12,207276.45,高价值客户
54,1054,619,6,66417.0,流失客户
55,1055,442,9,84598.3,普通客户
56,1056,424,6,107264.1,普通客户
57,1057,445,12,113681.95,潜力客户
58,1058,453,14,100657.2,潜力客户
59,1059,505,7,52944.95,流失客户
60,1060,447,7,57855.3,普通客户
61,1061,565,6,69857.35,流失客户
62,1062,515,10,114173.4,流失客户
63,1063,475,6,92634.9,流失客户
64,1064,447,14,127960.2,高价值客户
65,1065,478,8,100371.25,流失客户
66,1066,468,5,56631.0,流失客户
67,1067,434,9,168328.85,普通客户
68,1068,431,15,176610.45,高价值客户
69,1069,425,8,92046.75,普通客户
70,1070,431,7,134127.8,普通客户
71,1071,500,10,39949.6,流失客户
72,1072,438,19,200599.7,高价值客户
73,1073,440,8,120750.1,普通客户
74,1074,462,16,173936.8,高价值客户
75,1075,477,12,152281.35,普通客户
76,1076,497,4,35904.0,流失客户
77,1077,432,10,142964.5,普通客户
78,1078,433,14,291110.75,高价值客户
79,1079,699,2,38684.600000000006,流失客户
80,1080,428,8,67572.15000000001,普通客户
81,1081,438,11,87342.15,潜力客户
82,1082,450,10,77287.0,普通客户
83,1083,431,14,202347.9,高价值客户
84,1084,429,8,46403.649999999994,普通客户
85,1085,426,11,217966.9,高价值客户
86,1086,433,11,188604.4,高价值客户
87,1087,423,11,135479.1,高价值客户
88,1088,466,8,40122.0,流失客户
89,1089,435,14,130871.75,高价值客户
90,1090,532,5,44214.6,流失客户
91,1091,437,10,129329.20000000001,普通客户
92,1092,430,13,141043.1,高价值客户
93,1093,439,5,80057.25,普通客户
94,1094,459,8,57902.8,普通客户
95,1095,503,11,110363.2,普通客户
96,1096,442,9,88786.1,普通客户
97,1097,457,9,69595.7,普通客户
98,1098,465,15,145387.95,普通客户
99,1099,589,7,99484.65000000001,流失客户
100,1100,439,11,223366.05,高价值客户
101,1101,498,11,145860.9,普通客户
102,1102,443,8,58455.95,普通客户
103,1103,503,14,147868.95,普通客户
104,1104,453,7,123147.9,普通客户
105,1105,429,12,164724.4,高价值客户
106,1106,438,8,70676.1,普通客户
107,1107,446,10,116568.45,普通客户
108,1108,473,15,171365.0,普通客户
109,1109,424,5,67824.8,普通客户
110,1110,463,17,154874.15,高价值客户
111,1111,427,13,181058.35,高价值客户
112,1112,452,18,214355.15,高价值客户
113,1113,441,10,99662.9,普通客户
114,1114,462,7,99328.75,普通客户
115,1115,459,10,111867.75,普通客户
116,1116,439,13,59260.3,潜力客户
117,1117,435,16,217506.5,高价值客户
118,1118,429,9,134885.1,普通客户
119,1119,425,11,85952.15,潜力客户
120,1120,428,6,52674.6,普通客户
121,1121,449,11,230856.40000000002,高价值客户
122,1122,432,7,54703.95,普通客户
123,1123,514,12,181915.75,普通客户
124,1124,446,10,120865.25,普通客户
125,1125,442,12,65671.8,潜力客户
126,1126,476,11,90913.1,普通客户
127,1127,450,13,76667.5,潜力客户
128,1128,426,16,183984.45,高价值客户
129,1129,433,17,124871.1,高价值客户
130,1130,437,10,77765.35,普通客户
131,1131,428,12,133660.4,高价值客户
132,1132,716,6,24651.25,流失客户
133,1133,432,11,110229.95,潜力客户
134,1134,426,7,103905.5,普通客户
135,1135,482,5,25625.9,流失客户
136,1136,469,14,145299.5,普通客户
137,1137,510,7,94467.7,流失客户
138,1138,423,10,126745.1,普通客户
139,1139,434,8,75356.05,普通客户
140,1140,480,14,197310.15,普通客户
141,1141,502,5,64024.25,流失客户
142,1142,431,12,113714.5,潜力客户
143,1143,435,14,163906.25,高价值客户
144,1144,525,9,119150.0,流失客户
145,1145,451,11,176563.55,高价值客户
146,1146,478,13,187311.6,普通客户
147,1147,435,11,139828.35,高价值客户
148,1148,430,11,174601.1,高价值客户
149,1149,445,5,35586.5,普通客户
150,1150,466,7,58380.2,流失客户
151,1151,439,7,141730.2,普通客户
152,1152,471,8,78141.25,流失客户
153,1153,430,19,159541.3,高价值客户
154,1154,431,11,131863.65,高价值客户
155,1155,489,14,236356.9,普通客户
156,1156,435,10,89447.45,普通客户
157,1157,449,5,47620.149999999994,普通客户
158,1158,510,9,112812.6,流失客户
159,1159,506,10,68504.55,流失客户
160,1160,422,17,274065.25,高价值客户
161,1161,446,12,123243.9,高价值客户
162,1162,510,10,139214.85,流失客户
163,1163,422,13,174106.0,高价值客户
164,1164,455,10,116570.65,普通客户
165,1165,440,12,64683.65,潜力客户
166,1166,598,6,90719.35,流失客户
167,1167,439,11,109724.45,潜力客户
168,1168,429,5,38155.9,普通客户
169,1169,558,8,114868.5,流失客户
170,1170,447,13,131678.5,高价值客户
171,1171,460,10,78821.9,普通客户
172,1172,463,11,95354.6,潜力客户
173,1173,650,3,5763.6,流失客户
174,1174,478,11,182030.4,普通客户
175,1175,440,5,56324.05,普通客户
176,1176,423,12,119564.7,高价值客户
177,1177,490,8,47982.45,流失客户
178,1178,447,10,106582.9,普通客户
179,1179,424,10,127708.45,普通客户
180,1180,492,8,164188.65,流失客户
181,1181,452,12,91619.0,潜力客户
182,1182,433,14,127312.85,高价值客户
183,1183,461,10,138947.35,普通客户
184,1184,444,8,113655.7,普通客户
185,1185,422,6,31037.9,普通客户
186,1186,441,12,112679.05,潜力客户
187,1187,491,15,146577.3,普通客户
188,1188,436,9,106105.45,普通客户
189,1189,480,14,213254.8,普通客户
190,1190,442,13,223719.4,高价值客户
191,1191,431,15,190004.2,高价值客户
192,1192,451,9,200028.0,普通客户
193,1193,422,13,152975.15,高价值客户
194,1194,482,14,215251.05,普通客户
195,1195,485,10,57840.1,流失客户
196,1196,428,6,48912.0,普通客户
197,1197,445,9,129248.75,普通客户
198,1198,435,8,107749.35,普通客户
199,1199,435,6,48757.5,普通客户
200,1200,500,15,141760.95,普通客户
201,1201,521,9,129237.7,流失客户
202,1202,488,8,70498.3,流失客户
203,1203,498,7,79059.45,流失客户
204,1204,433,8,97436.5,普通客户
205,1205,446,13,138884.85,高价值客户
206,1206,448,13,178054.05,高价值客户
207,1207,481,8,71728.95,流失客户
208,1208,442,10,131654.7,普通客户
209,1209,422,11,95925.9,潜力客户
210,1210,445,11,90894.35,潜力客户
211,1211,427,8,71014.35,普通客户
212,1212,424,9,58884.5,普通客户
213,1213,429,10,147828.0,普通客户
214,1214,441,10,85524.35,普通客户
215,1215,426,12,106865.4,潜力客户
216,1216,464,12,126621.3,高价值客户
217,1217,422,13,172681.8,高价值客户
218,1218,444,4,65210.9,普通客户
219,1219,484,14,162285.1,普通客户
220,1220,471,7,96202.6,流失客户
221,1221,457,9,175168.0,普通客户
222,1222,551,12,143013.6,普通客户
223,1223,459,9,90933.5,普通客户
224,1224,472,11,118878.2,普通客户
225,1225,423,13,129994.6,高价值客户
226,1226,538,13,249495.2,普通客户
227,1227,453,9,76420.7,普通客户
228,1228,423,14,151513.0,高价值客户
229,1229,460,8,97450.5,普通客户
230,1230,630,9,109208.40000000001,流失客户
231,1231,424,10,133433.4,普通客户
232,1232,435,16,311106.0,高价值客户
233,1233,554,5,82584.8,流失客户
234,1234,560,10,135776.25,流失客户
235,1235,427,9,194692.95,普通客户
236,1236,460,14,208790.3,高价值客户
237,1237,429,7,94069.04999999999,普通客户
238,1238,512,12,135722.85,普通客户
239,1239,596,2,11868.800000000001,流失客户
240,1240,450,6,30180.55,普通客户
241,1241,426,12,116973.25,高价值客户
242,1242,498,6,44304.25,流失客户
243,1243,492,6,59199.8,流失客户
244,1244,473,9,120513.8,流失客户
245,1245,426,10,79744.75,普通客户
246,1246,438,15,159380.1,高价值客户
247,1247,425,9,112623.4,普通客户
248,1248,472,5,60223.75,流失客户
249,1249,532,8,97762.2,流失客户
250,1250,454,12,109567.75,潜力客户
251,1251,536,6,101844.6,流失客户
252,1252,427,14,214045.1,高价值客户
253,1253,433,12,151834.45,高价值客户
254,1254,488,4,35011.0,流失客户
255,1255,457,10,113206.55,普通客户
256,1256,488,5,62640.6,流失客户
257,1257,424,7,90648.4,普通客户
258,1258,486,7,36543.3,流失客户
259,1259,453,13,126506.95,高价值客户
260,1260,468,10,93839.15,流失客户
261,1261,516,8,68517.0,流失客户
262,1262,495,7,75407.8,流失客户
263,1263,553,8,66075.4,流失客户
264,1264,438,10,84113.2,普通客户
265,1265,425,9,73917.0,普通客户
266,1266,428,9,74065.65,普通客户
267,1267,433,16,193110.4,高价值客户
268,1268,479,8,120997.7,流失客户
269,1269,443,12,95030.05,潜力客户
270,1270,430,12,107874.05,潜力客户
271,1271,468,7,79136.4,流失客户
272,1272,437,19,186654.4,高价值客户
273,1273,439,10,100374.5,普通客户
274,1274,422,6,91396.2,普通客户
275,1275,433,10,121404.45,普通客户
276,1276,558,14,135170.8,普通客户
277,1277,432,13,178930.55,高价值客户
278,1278,445,8,89879.5,普通客户
279,1279,504,7,42850.0,流失客户
280,1280,513,7,88675.1,流失客户
281,1281,434,8,131586.9,普通客户
282,1282,425,18,210185.35,高价值客户
283,1283,441,10,119263.0,普通客户
284,1284,462,11,57881.75,潜力客户
285,1285,434,7,96243.3,普通客户
286,1286,443,12,127374.2,高价值客户
287,1287,510,13,156656.15,普通客户
288,1288,424,15,201756.4,高价值客户
289,1289,603,5,60849.2,流失客户
290,1290,456,8,84095.45,普通客户
291,1291,441,6,80404.0,普通客户
292,1292,431,9,75796.5,普通客户
293,1293,426,13,144425.3,高价值客户
294,1294,452,9,97690.05,普通客户
295,1295,451,14,165317.8,高价值客户
296,1296,472,3,35871.0,流失客户
297,1297,425,9,66146.55,普通客户
298,1298,497,4,98173.8,流失客户
299,1299,511,5,49423.600000000006,流失客户
300,1300,435,10,68915.45,普通客户
301,1301,436,15,155075.9,高价值客户
302,1302,474,14,141698.95,普通客户
303,1303,433,11,142845.45,高价值客户
304,1304,464,11,170205.55,高价值客户
305,1305,427,10,76271.55,普通客户
306,1306,428,5,27350.85,普通客户
307,1307,436,9,144155.34999999998,普通客户
308,1308,423,9,120473.1,普通客户
309,1309,456,8,136837.35,普通客户
310,1310,513,9,81152.4,流失客户
311,1311,461,6,65556.35,普通客户
312,1312,474,13,133008.5,普通客户
313,1313,443,15,236769.35,高价值客户
314,1314,480,7,101508.5,流失客户
315,1315,507,7,68861.2,流失客户
316,1316,459,8,64240.85,普通客户
317,1317,440,16,215282.5,高价值客户
318,1318,480,6,88362.2,流失客户
319,1319,492,9,97515.8,流失客户
320,1320,447,8,119444.2,普通客户
321,1321,432,6,67065.6,普通客户
322,1322,479,7,105762.4,流失客户
323,1323,464,11,150707.8,高价值客户
324,1324,455,8,87172.20000000001,普通客户
325,1325,499,9,107290.59999999999,流失客户
326,1326,446,15,264662.9,高价值客户
327,1327,461,7,67556.5,普通客户
328,1328,469,7,9074.7,流失客户
329,1329,428,10,122273.4,普通客户
330,1330,462,13,168325.4,高价值客户
331,1331,504,7,30412.7,流失客户
332,1332,482,6,25545.2,流失客户
333,1333,435,12,142167.35,高价值客户
334,1334,458,11,109064.95,潜力客户
335,1335,435,11,96870.0,潜力客户
336,1336,433,10,101990.9,普通客户
337,1337,437,13,152795.6,高价值客户
338,1338,432,9,126654.15,普通客户
339,1339,445,12,145376.7,高价值客户
340,1340,439,9,173706.5,普通客户
341,1341,454,11,91903.95,潜力客户
342,1342,423,13,128098.1,高价值客户
343,1343,440,12,104387.4,潜力客户
344,1344,470,12,85663.0,普通客户
345,1345,773,7,82491.15,流失客户
346,1346,456,5,68281.05,普通客户
347,1347,483,11,152508.15,普通客户
348,1348,457,13,106849.55,潜力客户
349,1349,522,10,147901.3,流失客户
350,1350,534,4,48996.0,流失客户
351,1351,425,9,122253.15,普通客户
352,1352,665,6,24185.5,流失客户
353,1353,575,9,108569.55,流失客户
354,1354,436,12,148424.6,高价值客户
355,1355,432,10,116487.2,普通客户
356,1356,431,8,85200.29999999999,普通客户
357,1357,492,7,93147.7,流失客户
358,1358,495,8,87738.2,流失客户
359,1359,530,10,83833.55,流失客户
360,1360,458,11,120032.25,高价值客户
361,1361,579,6,54054.25,流失客户
362,1362,451,12,154783.3,高价值客户
363,1363,429,16,220517.1,高价值客户
364,1364,562,9,102345.2,流失客户
365,1365,440,11,97887.55,潜力客户
366,1366,464,13,135864.15,高价值客户
367,1367,439,8,124239.5,普通客户
368,1368,450,11,85426.3,潜力客户
369,1369,478,7,89162.1,流失客户
370,1370,523,10,129935.6,流失客户
371,1371,459,5,60195.649999999994,普通客户
372,1372,432,7,94616.2,普通客户
373,1373,477,8,126256.85,流失客户
374,1374,426,13,179778.15,高价值客户
375,1375,438,14,119731.35,高价值客户
376,1376,489,8,129370.8,流失客户
377,1377,426,13,150347.1,高价值客户
378,1378,461,7,56539.6,普通客户
379,1379,433,11,116716.5,高价值客户
380,1380,469,14,138287.45,普通客户
381,1381,425,10,141494.9,普通客户
382,1382,460,10,87995.45,普通客户
383,1383,450,12,184409.0,高价值客户
384,1384,528,8,134946.85,流失客户
385,1385,456,13,146136.6,高价值客户
386,1386,430,16,208389.35,高价值客户
387,1387,469,10,144094.5,流失客户
388,1388,459,4,51624.1,普通客户
389,1389,426,15,205092.95,高价值客户
390,1390,445,11,123202.8,高价值客户
391,1391,428,10,139712.2,普通客户
392,1392,519,10,148205.4,流失客户
393,1393,616,4,34147.4,流失客户
394,1394,566,8,118936.6,流失客户
395,1395,483,7,64497.3,流失客户
396,1396,429,10,79772.65,普通客户
397,1397,434,8,116049.25,普通客户
398,1398,525,10,126243.8,流失客户
399,1399,503,9,122832.25,流失客户
400,1400,473,18,239323.05000000002,普通客户
401,1401,423,8,55754.4,普通客户
402,1402,590,7,69465.7,流失客户
403,1403,438,8,100653.9,普通客户
404,1404,430,13,82625.6,潜力客户
405,1405,544,9,136778.1,流失客户
406,1406,526,11,82368.0,普通客户
407,1407,436,9,88781.4,普通客户
408,1408,500,5,59497.0,流失客户
409,1409,426,8,75617.85,普通客户
410,1410,450,6,111659.0,普通客户
411,1411,484,9,81013.15,流失客户
412,1412,443,7,33313.5,普通客户
413,1413,492,13,181916.4,普通客户
414,1414,459,7,109928.2,普通客户
415,1415,484,10,132415.05,流失客户
416,1416,541,5,43434.9,流失客户
417,1417,598,6,32214.449999999997,流失客户
418,1418,476,12,162399.35,普通客户
419,1419,480,15,236679.8,普通客户
420,1420,486,10,109560.85,流失客户
421,1421,426,15,137759.8,高价值客户
422,1422,487,6,97353.0,流失客户
423,1423,440,10,156389.15,普通客户
424,1424,449,11,144988.4,高价值客户
425,1425,452,10,135959.3,普通客户
426,1426,440,12,139778.75,高价值客户
427,1427,477,10,144308.8,流失客户
428,1428,440,13,109429.2,潜力客户
429,1429,557,4,8569.0,流失客户
430,1430,450,9,52500.9,普通客户
431,1431,459,10,136500.6,普通客户
432,1432,437,7,87878.9,普通客户
433,1433,446,8,74050.15,普通客户
434,1434,423,16,146980.85,高价值客户
435,1435,423,12,75095.9,潜力客户
436,1436,499,8,82056.05,流失客户
437,1437,427,12,230357.25,高价值客户
438,1438,453,15,216656.15,高价值客户
439,1439,448,10,85301.0,普通客户
440,1440,428,14,128271.3,高价值客户
441,1441,435,12,158612.3,高价值客户
442,1442,425,14,109021.5,潜力客户
443,1443,441,8,86222.3,普通客户
444,1444,456,12,183333.55,高价值客户
445,1445,426,11,155721.8,高价值客户
446,1446,428,10,100434.95,普通客户
447,1447,455,7,77221.9,普通客户
448,1448,530,9,84724.15,流失客户
449,1449,437,15,188244.55,高价值客户
450,1450,482,9,80412.65,流失客户
451,1451,446,11,106661.5,潜力客户
452,1452,484,11,121969.0,普通客户
453,1453,504,8,104081.25,流失客户
454,1454,424,14,99450.8,潜力客户
455,1455,609,9,151812.95,流失客户
456,1456,433,10,77702.9,普通客户
457,1457,522,6,69964.45,流失客户
458,1458,434,13,152060.4,高价值客户
459,1459,427,10,121545.55,普通客户
460,1460,445,7,52878.7,普通客户
461,1461,502,8,151665.45,流失客户
462,1462,474,8,96503.35,流失客户
463,1463,435,6,25019.8,普通客户
464,1464,481,8,110246.45000000001,流失客户
465,1465,474,7,54076.0,流失客户
466,1466,464,12,277759.5,高价值客户
467,1467,479,6,111340.75,流失客户
468,1468,427,7,46171.1,普通客户
469,1469,451,5,58441.95,普通客户
470,1470,448,17,131583.6,高价值客户
471,1471,430,7,84036.2,普通客户
472,1472,542,6,14465.0,流失客户
473,1473,451,12,156218.65,高价值客户
474,1474,498,6,62601.8,流失客户
475,1475,497,13,93156.65,普通客户
476,1476,424,15,110372.95,潜力客户
477,1477,427,7,77625.8,普通客户
478,1478,469,4,44316.85,流失客户
479,1479,431,12,147392.6,高价值客户
480,1480,470,12,143414.4,普通客户
481,1481,448,10,127019.3,普通客户
482,1482,476,11,123033.8,普通客户
483,1483,460,5,41415.0,普通客户
484,1484,446,16,217912.35,高价值客户
485,1485,546,5,75158.4,流失客户
486,1486,435,7,108710.25,普通客户
487,1487,454,10,90671.84999999999,普通客户
488,1488,475,11,168811.45,普通客户
489,1489,491,15,156034.2,普通客户
490,1490,469,11,96033.5,普通客户
491,1491,447,10,120055.5,普通客户
492,1492,466,10,55451.4,流失客户
493,1493,441,17,233597.05,高价值客户
494,1494,478,10,83277.3,流失客户
495,1495,439,8,117875.1,普通客户
496,1496,542,11,220962.4,普通客户
497,1497,441,8,97476.0,普通客户
498,1498,449,14,133930.55,高价值客户
499,1499,463,14,176430.9,高价值客户
500,1500,445,8,92890.9,普通客户
501,1501,457,9,117029.05,普通客户
502,1502,430,12,171865.5,高价值客户
503,1503,520,11,160588.35,普通客户
504,1504,505,11,133071.85,普通客户
505,1505,451,10,164299.95,普通客户
506,1506,492,7,126634.25,流失客户
507,1507,467,12,81056.6,普通客户
508,1508,432,11,82195.0,潜力客户
509,1509,535,5,77199.2,流失客户
510,1510,500,14,165167.15,普通客户
511,1511,432,8,63227.3,普通客户
512,1512,453,8,132561.3,普通客户
513,1513,434,9,128434.2,普通客户
514,1514,443,10,124823.0,普通客户
515,1515,429,13,200050.7,高价值客户
516,1516,511,13,160131.1,普通客户
517,1517,443,10,62917.55,普通客户
518,1518,460,10,132532.25,普通客户
519,1519,428,14,143494.9,高价值客户
520,1520,451,10,117177.4,普通客户
521,1521,427,7,59907.25,普通客户
522,1522,431,11,118235.5,高价值客户
523,1523,432,11,100208.9,潜力客户
524,1524,422,12,139722.8,高价值客户
525,1525,427,15,175091.6,高价值客户
526,1526,442,7,76869.0,普通客户
527,1527,447,12,85393.85,潜力客户
528,1528,430,10,91628.6,普通客户
529,1529,423,12,113934.5,潜力客户
530,1530,437,6,107616.15,普通客户
531,1531,450,11,170712.45,高价值客户
532,1532,473,9,88338.6,流失客户
533,1533,449,8,68333.54999999999,普通客户
534,1534,431,6,42510.0,普通客户
535,1535,450,8,69977.7,普通客户
536,1536,436,16,219634.15,高价值客户
537,1537,435,11,94702.1,潜力客户
538,1538,708,4,8066.0,流失客户
539,1539,476,14,172755.6,普通客户
540,1540,486,9,103588.8,流失客户
541,1541,423,13,108483.8,潜力客户
542,1542,449,5,57304.4,普通客户
543,1543,424,10,82781.79999999999,普通客户
544,1544,809,1,0.0,流失客户
545,1545,429,11,138180.1,高价值客户
546,1546,430,13,163728.15,高价值客户
547,1547,444,10,96522.59999999999,普通客户
548,1548,467,9,142714.4,流失客户
549,1549,456,14,188163.95,高价值客户
550,1550,469,12,139424.5,普通客户
551,1551,529,6,68137.4,流失客户
552,1552,442,10,115482.29999999999,普通客户
553,1553,439,15,207775.15,高价值客户
554,1554,480,5,86865.0,流失客户
555,1555,426,14,168474.2,高价值客户
556,1556,438,11,144431.1,高价值客户
557,1557,433,14,131547.4,高价值客户
558,1558,438,15,281044.2,高价值客户
559,1559,431,11,139579.2,高价值客户
560,1560,434,12,134379.0,高价值客户
561,1561,458,8,110545.5,普通客户
562,1562,425,13,192353.25,高价值客户
563,1563,529,10,95709.15,流失客户
564,1564,431,8,59920.0,普通客户
565,1565,461,12,116743.8,高价值客户
566,1566,436,13,162319.80000000002,高价值客户
567,1567,448,8,105368.8,普通客户
568,1568,448,8,55807.85,普通客户
569,1569,526,9,55729.45,流失客户
570,1570,526,14,180179.2,普通客户
571,1571,466,9,92372.7,流失客户
572,1572,443,14,94498.85,潜力客户
573,1573,442,14,189326.0,高价值客户
574,1574,434,15,118507.35,高价值客户
575,1575,424,8,88002.8,普通客户
576,1576,495,5,116551.9,流失客户
577,1577,433,8,113315.15,普通客户
578,1578,443,8,86666.4,普通客户
579,1579,485,11,139610.0,普通客户
580,1580,431,8,82714.0,普通客户
581,1581,451,13,144689.2,高价值客户
582,1582,442,7,59190.35,普通客户
583,1583,423,12,145240.85,高价值客户
584,1584,530,4,127713.75,流失客户
585,1585,424,10,108160.15,普通客户
586,1586,465,7,86806.6,流失客户
587,1587,437,14,204859.85,高价值客户
588,1588,473,10,130200.7,流失客户
589,1589,434,7,94619.8,普通客户
590,1590,458,7,32461.6,普通客户
591,1591,463,6,90070.65,普通客户
592,1592,455,8,73874.0,普通客户
593,1593,443,10,98317.35,普通客户
594,1594,463,5,47893.399999999994,普通客户
595,1595,423,13,153381.2,高价值客户
596,1596,455,7,89278.95,普通客户
597,1597,487,11,143393.55,普通客户
598,1598,444,9,128319.9,普通客户
599,1599,469,3,19614.9,流失客户
600,1600,422,14,107634.6,潜力客户
601,1601,462,13,194030.25,高价值客户
602,1602,584,4,71126.8,流失客户
603,1603,473,10,99182.55,流失客户
604,1604,468,10,117688.5,流失客户
605,1605,479,12,147735.4,普通客户
606,1606,485,13,180589.8,普通客户
607,1607,446,12,101961.0,潜力客户
608,1608,440,9,130122.7,普通客户
609,1609,434,16,176121.9,高价值客户
610,1610,449,12,161929.25,高价值客户
611,1611,432,12,169831.5,高价值客户
612,1612,505,16,165820.85,普通客户
613,1613,482,7,67817.0,流失客户
614,1614,466,9,155155.55,流失客户
615,1615,460,11,169059.85,高价值客户
616,1616,443,7,75093.0,普通客户
617,1617,430,13,160031.35,高价值客户
618,1618,431,10,91072.8,普通客户
619,1619,434,13,134198.45,高价值客户
620,1620,444,10,117131.95,普通客户
621,1621,423,11,149819.45,高价值客户
622,1622,468,11,58077.1,普通客户
623,1623,521,9,76919.45,流失客户
624,1624,452,10,164194.55,普通客户
625,1625,544,7,84184.9,流失客户
626,1626,442,5,41552.2,普通客户
627,1627,459,13,120629.9,高价值客户
628,1628,473,11,123970.09999999999,普通客户
629,1629,436,13,179521.35,高价值客户
630,1630,430,11,93542.65,潜力客户
631,1631,573,7,89543.65,流失客户
632,1632,626,7,38767.35,流失客户
633,1633,429,13,206664.2,高价值客户
634,1634,490,6,111373.0,流失客户
635,1635,427,5,80347.0,普通客户
636,1636,428,9,110055.0,普通客户
637,1637,476,13,200584.4,普通客户
638,1638,441,10,105706.4,普通客户
639,1639,555,8,128390.45,流失客户
640,1640,470,7,84540.8,流失客户
641,1641,428,8,99988.4,普通客户
642,1642,436,7,84360.8,普通客户
643,1643,489,8,71391.6,流失客户
644,1644,500,11,121488.95,普通客户
645,1645,470,12,116629.4,普通客户
646,1646,431,5,85960.70000000001,普通客户
647,1647,571,12,102577.5,普通客户
648,1648,440,9,110443.65,普通客户
649,1649,491,12,118183.0,普通客户
650,1650,428,8,120389.2,普通客户
651,1651,428,8,58716.5,普通客户
652,1652,467,11,119287.5,普通客户
653,1653,472,9,104944.45,流失客户
654,1654,527,10,119473.0,流失客户
655,1655,507,8,78531.05,流失客户
656,1656,426,11,115339.75,高价值客户
657,1657,452,16,148000.2,高价值客户
658,1658,446,15,179770.75,高价值客户
659,1659,455,14,169150.8,高价值客户
660,1660,427,16,157933.55,高价值客户
661,1661,476,15,246404.75,普通客户
662,1662,443,14,120509.0,高价值客户
663,1663,472,17,213390.55,普通客户
664,1664,465,10,49364.35,流失客户
665,1665,435,15,184773.95,高价值客户
666,1666,441,7,71705.55,普通客户
667,1667,538,6,55993.75,流失客户
668,1668,461,9,114616.9,普通客户
669,1669,442,16,184856.4,高价值客户
670,1670,505,2,7135.8,流失客户
671,1671,480,14,212500.95,普通客户
672,1672,491,10,123833.85,流失客户
673,1673,432,10,144610.7,普通客户
674,1674,498,12,76279.6,普通客户
675,1675,505,13,125155.55,普通客户
676,1676,511,7,87138.75,流失客户
677,1677,507,8,101941.95,流失客户
678,1678,427,9,145383.55,普通客户
679,1679,447,6,119315.75,普通客户
680,1680,443,11,154031.7,高价值客户
681,1681,442,10,84262.2,普通客户
682,1682,453,8,133729.25,普通客户
683,1683,423,5,51207.9,普通客户
684,1684,475,18,114421.15,普通客户
685,1685,437,10,134127.1,普通客户
686,1686,423,13,192220.05,高价值客户
687,1687,462,12,154449.0,高价值客户
688,1688,591,9,88758.2,流失客户
689,1689,460,10,124650.15,普通客户
690,1690,450,12,160306.25,高价值客户
691,1691,476,9,61844.5,流失客户
692,1692,431,17,213075.75,高价值客户
693,1693,450,9,83840.05,普通客户
694,1694,439,7,43423.6,普通客户
695,1695,437,10,173051.8,普通客户
696,1696,449,4,13269.650000000001,普通客户
697,1697,465,10,98181.8,流失客户
698,1698,433,15,236840.8,高价值客户
699,1699,453,16,173117.6,高价值客户
700,1700,426,10,80312.2,普通客户
701,1701,458,11,125229.05,高价值客户
702,1702,463,8,119660.9,普通客户
703,1703,444,15,181351.1,高价值客户
704,1704,477,4,16303.2,流失客户
705,1705,499,2,26614.8,流失客户
706,1706,465,5,65870.4,流失客户
707,1707,451,8,54296.2,普通客户
708,1708,454,11,103894.0,潜力客户
709,1709,448,11,133993.9,高价值客户
710,1710,502,6,27612.2,流失客户
711,1711,425,9,151868.8,普通客户
712,1712,454,6,35363.8,普通客户
713,1713,519,11,116660.8,普通客户
714,1714,439,9,99155.7,普通客户
715,1715,442,7,129685.75,普通客户
716,1716,530,4,65816.0,流失客户
717,1717,458,8,76901.45,普通客户
718,1718,569,4,60515.5,流失客户
719,1719,442,16,169125.25,高价值客户
720,1720,441,11,118112.4,高价值客户
721,1721,463,8,93603.7,普通客户
722,1722,471,4,37224.2,流失客户
723,1723,434,7,70248.04999999999,普通客户
724,1724,539,10,132945.55,流失客户
725,1725,454,22,286429.8,高价值客户
726,1726,484,14,149557.25,普通客户
727,1727,434,12,225485.25,高价值客户
728,1728,437,9,75789.9,普通客户
729,1729,434,9,99249.35,普通客户
730,1730,460,10,79606.7,普通客户
731,1731,425,12,113549.5,潜力客户
732,1732,522,9,74863.15,流失客户
733,1733,432,12,159893.75,高价值客户
734,1734,429,10,125833.5,普通客户
735,1735,443,14,102523.1,潜力客户
736,1736,507,6,51046.75,流失客户
737,1737,424,11,117402.9,高价值客户
738,1738,459,11,81583.05,潜力客户
739,1739,427,10,102382.3,普通客户
740,1740,422,8,104569.65,普通客户
741,1741,491,6,69923.8,流失客户
742,1742,502,7,109264.0,流失客户
743,1743,475,8,78558.3,流失客户
744,1744,572,7,76604.2,流失客户
745,1745,424,7,74208.70000000001,普通客户
746,1746,486,5,44633.899999999994,流失客户
747,1747,434,11,122880.9,高价值客户
748,1748,471,13,140258.4,普通客户
749,1749,477,8,96074.75,流失客户
750,1750,445,13,175583.65,高价值客户
751,1751,427,10,136317.1,普通客户
752,1752,457,11,127580.95,高价值客户
753,1753,427,10,118980.25,普通客户
754,1754,502,7,103288.9,流失客户
755,1755,425,6,32540.1,普通客户
756,1756,456,7,61304.7,普通客户
757,1757,423,17,164653.55,高价值客户
758,1758,449,12,98269.3,潜力客户
759,1759,592,6,82031.1,流失客户
760,1760,478,12,143069.15,普通客户
761,1761,428,9,59719.5,普通客户
762,1762,450,12,142604.3,高价值客户
763,1763,609,10,78346.6,流失客户
764,1764,434,5,50235.0,普通客户
765,1765,423,5,60438.05,普通客户
766,1766,563,8,59033.95,流失客户
767,1767,467,10,92883.35,流失客户
768,1768,429,9,84178.4,普通客户
769,1769,468,11,188525.75,普通客户
770,1770,472,8,65308.4,流失客户
771,1771,468,12,141929.8,普通客户
772,1772,502,4,112699.25,流失客户
773,1773,428,10,211119.0,普通客户
774,1774,436,5,30124.5,普通客户
775,1775,458,19,264771.15,高价值客户
776,1776,549,5,62620.2,流失客户
777,1777,430,11,69981.55,潜力客户
778,1778,496,13,140362.25,普通客户
779,1779,429,9,98613.5,普通客户
780,1780,434,14,130456.95,高价值客户
781,1781,493,5,68470.45,流失客户
782,1782,438,16,138895.45,高价值客户
783,1783,432,8,51450.1,普通客户
784,1784,459,13,164366.85,高价值客户
785,1785,627,3,10900.4,流失客户
786,1786,437,13,99332.35,潜力客户
787,1787,461,6,103272.2,普通客户
788,1788,447,8,76502.6,普通客户
789,1789,441,10,165694.2,普通客户
790,1790,424,11,144176.2,高价值客户
791,1791,479,11,98938.7,普通客户
792,1792,507,8,74198.6,流失客户
793,1793,424,15,157831.6,高价值客户
794,1794,501,9,71366.3,流失客户
795,1795,480,11,167811.75,普通客户
796,1796,451,11,94652.85,潜力客户
797,1797,452,11,115738.65,高价值客户
798,1798,424,7,99899.6,普通客户
799,1799,445,16,129442.4,高价值客户
800,1800,425,7,82002.4,普通客户
801,1801,453,12,136665.4,高价值客户
802,1802,423,12,198056.15,高价值客户
803,1803,427,14,212172.45,高价值客户
804,1804,552,13,147732.9,普通客户
805,1805,429,12,117825.45,高价值客户
806,1806,483,10,100467.5,流失客户
807,1807,422,7,63911.8,普通客户
808,1808,520,3,28173.0,流失客户
809,1809,437,7,41213.5,普通客户
810,1810,435,8,105818.2,普通客户
811,1811,707,4,7182.0,流失客户
812,1812,473,10,68771.05,流失客户
813,1813,446,10,114987.85,普通客户
814,1814,526,11,164809.25,普通客户
815,1815,425,10,136216.55,普通客户
816,1816,451,13,106338.5,潜力客户
817,1817,439,5,68145.15,普通客户
818,1818,442,10,127494.15,普通客户
819,1819,448,11,136515.6,高价值客户
820,1820,494,7,80165.05,流失客户
821,1821,436,18,151863.05,高价值客户
822,1822,581,7,62623.25,流失客户
823,1823,466,9,142014.8,流失客户
824,1824,425,19,154802.95,高价值客户
825,1825,451,9,104407.25,普通客户
826,1826,461,9,62829.2,普通客户
827,1827,449,15,196004.19999999998,高价值客户
828,1828,444,7,69000.8,普通客户
829,1829,436,11,86137.05,潜力客户
830,1830,437,14,230079.9,高价值客户
831,1831,441,13,167267.15,高价值客户
832,1832,528,14,201454.5,普通客户
833,1833,454,9,156633.0,普通客户
834,1834,451,11,156810.0,高价值客户
835,1835,422,11,115179.6,高价值客户
836,1836,500,12,127825.75,普通客户
837,1837,446,9,121216.45,普通客户
838,1838,482,4,40939.0,流失客户
839,1839,430,16,210379.4,高价值客户
840,1840,428,6,76621.35,普通客户
841,1841,426,8,103706.15,普通客户
842,1842,424,8,74638.0,普通客户
843,1843,450,9,155757.95,普通客户
844,1844,476,9,80083.1,流失客户
845,1845,451,9,56670.65,普通客户
846,1846,445,7,73262.2,普通客户
847,1847,444,11,121893.25,高价值客户
848,1848,462,16,225079.2,高价值客户
849,1849,428,14,129414.0,高价值客户
850,1850,538,8,152208.9,流失客户
851,1851,465,13,108207.75,普通客户
852,1852,425,13,174809.35,高价值客户
853,1853,427,9,129956.3,普通客户
854,1854,426,13,173485.5,高价值客户
855,1855,538,9,92717.75,流失客户
856,1856,529,8,63604.5,流失客户
857,1857,437,13,191686.5,高价值客户
858,1858,474,10,86262.15,流失客户
859,1859,435,6,81870.25,普通客户
860,1860,514,9,103206.25,流失客户
861,1861,422,8,79347.45,普通客户
862,1862,484,7,65123.85,流失客户
863,1863,470,12,114864.65,普通客户
864,1864,493,7,68537.35,流失客户
865,1865,428,13,111303.0,潜力客户
866,1866,495,11,122909.75,普通客户
867,1867,436,9,131197.0,普通客户
868,1868,504,10,99308.3,流失客户
869,1869,464,6,70142.6,普通客户
870,1870,429,12,77414.5,潜力客户
871,1871,470,14,162643.8,普通客户
872,1872,445,9,191150.65,普通客户
873,1873,427,6,49298.8,普通客户
874,1874,436,7,49915.0,普通客户
875,1875,523,10,103959.9,流失客户
876,1876,439,14,117592.8,高价值客户
877,1877,454,9,98214.05,普通客户
878,1878,483,6,40797.5,流失客户
879,1879,520,6,49128.15,流失客户
880,1880,485,16,150173.2,普通客户
881,1881,423,9,81387.55,普通客户
882,1882,429,15,145495.15,高价值客户
883,1883,457,13,113340.75,潜力客户
884,1884,436,10,114330.0,普通客户
885,1885,465,11,125531.4,普通客户
886,1886,448,12,153714.4,高价值客户
887,1887,438,12,108393.5,潜力客户
888,1888,430,13,135705.65,高价值客户
889,1889,444,10,143156.6,普通客户
890,1890,447,19,264425.65,高价值客户
891,1891,459,10,125126.0,普通客户
892,1892,423,11,83641.5,潜力客户
893,1893,424,9,86055.75,普通客户
894,1894,428,10,93473.2,普通客户
895,1895,663,6,49756.7,流失客户
896,1896,447,13,185351.75,高价值客户
897,1897,507,7,93850.5,流失客户
898,1898,433,13,125247.2,高价值客户
899,1899,482,12,195560.7,普通客户
900,1900,520,8,87472.5,流失客户
901,1901,445,12,61440.6,潜力客户
902,1902,443,10,59980.4,普通客户
903,1903,479,8,78696.20000000001,流失客户
904,1904,426,11,175162.2,高价值客户
905,1905,423,11,178189.95,高价值客户
906,1906,509,7,28340.95,流失客户
907,1907,495,6,55650.350000000006,流失客户
908,1908,467,13,144832.0,普通客户
909,1909,484,7,76063.0,流失客户
910,1910,514,10,130901.45000000001,流失客户
911,1911,435,14,177259.7,高价值客户
912,1912,429,11,140180.0,高价值客户
913,1913,439,11,137135.1,高价值客户
914,1914,422,18,207891.15,高价值客户
915,1915,511,9,142573.4,流失客户
916,1916,425,16,203042.3,高价值客户
917,1917,513,7,101377.6,流失客户
918,1918,452,14,207025.3,高价值客户
919,1919,426,15,136783.45,高价值客户
920,1920,457,18,213865.85,高价值客户
921,1921,434,8,75572.7,普通客户
922,1922,505,13,171328.3,普通客户
923,1923,433,9,73091.5,普通客户
924,1924,439,17,230216.4,高价值客户
925,1925,514,8,117139.0,流失客户
926,1926,457,8,124808.0,普通客户
927,1927,457,9,93898.55,普通客户
928,1928,423,21,301258.45,高价值客户
929,1929,470,11,150235.69999999998,普通客户
930,1930,554,4,54270.3,流失客户
931,1931,512,9,105165.85,流失客户
932,1932,447,7,63781.6,普通客户
933,1933,450,11,104779.9,潜力客户
934,1934,455,10,46210.3,普通客户
935,1935,433,18,229329.9,高价值客户
936,1936,473,15,159585.1,普通客户
937,1937,424,14,245704.05,高价值客户
938,1938,455,10,109814.4,普通客户
939,1939,446,15,178646.6,高价值客户
940,1940,472,6,75244.65,流失客户
941,1941,489,10,88646.4,流失客户
942,1942,422,11,92162.9,潜力客户
943,1943,489,11,160631.5,普通客户
944,1944,464,12,112369.8,潜力客户
945,1945,490,13,86966.7,普通客户
946,1946,462,16,193671.7,高价值客户
947,1947,437,7,101606.45,普通客户
948,1948,447,7,52922.600000000006,普通客户
949,1949,486,8,51748.049999999996,流失客户
950,1950,449,8,90126.7,普通客户
951,1951,425,12,122942.0,高价值客户
952,1952,494,10,96685.0,流失客户
953,1953,439,8,99143.3,普通客户
954,1954,485,11,121616.0,普通客户
955,1955,442,15,173169.85,高价值客户
956,1956,503,9,115415.7,流失客户
957,1957,429,15,164382.0,高价值客户
958,1958,520,9,185632.7,流失客户
959,1959,442,9,92185.4,普通客户
960,1960,449,5,68594.2,普通客户
961,1961,472,15,231944.1,普通客户
962,1962,429,16,148341.3,高价值客户
963,1963,532,7,49734.95,流失客户
964,1964,480,6,70848.65000000001,流失客户
965,1965,430,8,60366.399999999994,普通客户
966,1966,450,6,52274.6,普通客户
967,1967,497,11,116380.75,普通客户
968,1968,689,5,22953.75,流失客户
969,1969,478,8,86831.2,流失客户
970,1970,499,13,130501.7,普通客户
971,1971,425,8,83494.45,普通客户
972,1972,432,18,150443.45,高价值客户
973,1973,456,15,145453.5,高价值客户
974,1974,444,10,149091.4,普通客户
975,1975,479,9,110163.15,流失客户
976,1976,452,8,114208.6,普通客户
977,1977,517,9,94908.8,流失客户
978,1978,465,6,61225.4,流失客户
979,1979,520,10,123561.35,流失客户
980,1980,427,11,134811.35,高价值客户
981,1981,450,8,88204.25,普通客户
982,1982,501,11,122285.2,普通客户
983,1983,425,15,147755.25,高价值客户
984,1984,448,12,145988.6,高价值客户
985,1985,441,11,124382.2,高价值客户
986,1986,491,10,138744.4,流失客户
987,1987,438,17,272146.3,高价值客户
988,1988,449,7,99673.0,普通客户
989,1989,467,12,138956.95,普通客户
990,1990,496,8,100797.0,流失客户
991,1991,479,9,125937.25,流失客户
992,1992,437,12,166078.25,高价值客户
993,1993,479,10,142594.95,流失客户
994,1994,522,7,68462.25,流失客户
995,1995,433,7,87108.8,普通客户
996,1996,438,10,101316.05,普通客户
997,1997,537,7,60720.0,流失客户
998,1998,455,9,90659.8,普通客户
999,1999,431,4,39571.0,普通客户
